experiment_id,sentence,pattern,backend_label,noise_kind,noise_level,expected_indices,top_indices,overlap,success_prob
1,ola meu nome e sergio,me,ideal-simulator,ideal,none,"4,10","4,10",2,0.958496
1,ola meu nome e sergio,me,simulator-amplitude-ultra-low,amplitude,ultra-low,"4,10","4,10",2,0.886719
1,ola meu nome e sergio,me,simulator-amplitude-low,amplitude,low,"4,10","4,10",2,0.453125
1,ola meu nome e sergio,me,simulator-amplitude-medium,amplitude,medium,"4,10","7,21",0,0.054688
1,ola meu nome e sergio,me,simulator-amplitude-high,amplitude,high,"4,10","5,21",0,0.037109
1,ola meu nome e sergio,me,simulator-amplitude-very-high,amplitude,very-high,"4,10","5,21",0,0.062012
1,ola meu nome e sergio,me,simulator-phase-ultra-low,phase,ultra-low,"4,10","4,10",2,0.936035
1,ola meu nome e sergio,me,simulator-phase-low,phase,low,"4,10","4,10",2,0.690430
1,ola meu nome e sergio,me,simulator-phase-medium,phase,medium,"4,10","4,10",2,0.234375
1,ola meu nome e sergio,me,simulator-phase-high,phase,high,"4,10","4,10",2,0.099609
1,ola meu nome e sergio,me,simulator-phase-very-high,phase,very-high,"4,10","13,18",0,0.060547
1,ola meu nome e sergio,me,simulator-depolarizing-ultra-low,depolarizing,ultra-low,"4,10","4,10",2,0.880859
1,ola meu nome e sergio,me,simulator-depolarizing-low,depolarizing,low,"4,10","4,10",2,0.427734
1,ola meu nome e sergio,me,simulator-depolarizing-medium,depolarizing,medium,"4,10","10,13",1,0.071777
1,ola meu nome e sergio,me,simulator-depolarizing-high,depolarizing,high,"4,10","13,18",0,0.061035
1,ola meu nome e sergio,me,simulator-depolarizing-very-high,depolarizing,very-high,"4,10","13,18",0,0.060547
1,ola meu nome e sergio,me,simulator-combined-ultra-low,combined,ultra-low,"4,10","4,10",2,0.780273
1,ola meu nome e sergio,me,simulator-combined-low,combined,low,"4,10","4,10",2,0.163574
1,ola meu nome e sergio,me,simulator-combined-medium,combined,medium,"4,10","13,17",0,0.048340
1,ola meu nome e sergio,me,simulator-combined-high,combined,high,"4,10","1,5",0,0.050293
1,ola meu nome e sergio,me,simulator-combined-very-high,combined,very-high,"4,10","4,9",1,0.072754
1,ola meu nome e sergio,me,noisy-sim-ibm_fez,backend_noise,ibm_fez,"4,10","4,10",2,0.297852
1,ola meu nome e sergio,me,noisy-sim-ibm_torino,backend_noise,ibm_torino,"4,10","4,10",2,0.371582
2,fernando fez feitos incriveis,fe,ideal-simulator,ideal,none,"0,9,13","0,9,13",3,0.999512
2,fernando fez feitos incriveis,fe,simulator-amplitude-ultra-low,amplitude,ultra-low,"0,9,13","0,9,13",3,0.935059
2,fernando fez feitos incriveis,fe,simulator-amplitude-low,amplitude,low,"0,9,13","0,9,13",3,0.486328
2,fernando fez feitos incriveis,fe,simulator-amplitude-medium,amplitude,medium,"0,9,13","6,18,22",0,0.089844
2,fernando fez feitos incriveis,fe,simulator-amplitude-high,amplitude,high,"0,9,13","6,18,22",0,0.065430
2,fernando fez feitos incriveis,fe,simulator-amplitude-very-high,amplitude,very-high,"0,9,13","0,16,18",1,0.100098
2,fernando fez feitos incriveis,fe,simulator-phase-ultra-low,phase,ultra-low,"0,9,13","0,9,13",3,0.960938
2,fernando fez feitos incriveis,fe,simulator-phase-low,phase,low,"0,9,13","0,9,13",3,0.708496
2,fernando fez feitos incriveis,fe,simulator-phase-medium,phase,medium,"0,9,13","0,9,13",3,0.253418
2,fernando fez feitos incriveis,fe,simulator-phase-high,phase,high,"0,9,13","0,9,13",3,0.134277
2,fernando fez feitos incriveis,fe,simulator-phase-very-high,phase,very-high,"0,9,13","1,13,18",1,0.098145
2,fernando fez feitos incriveis,fe,simulator-depolarizing-ultra-low,depolarizing,ultra-low,"0,9,13","0,9,13",3,0.922363
2,fernando fez feitos incriveis,fe,simulator-depolarizing-low,depolarizing,low,"0,9,13","0,9,13",3,0.456543
2,fernando fez feitos incriveis,fe,simulator-depolarizing-medium,depolarizing,medium,"0,9,13","1,7,13",1,0.107910
2,fernando fez feitos incriveis,fe,simulator-depolarizing-high,depolarizing,high,"0,9,13","1,13,18",1,0.098145
2,fernando fez feitos incriveis,fe,simulator-depolarizing-very-high,depolarizing,very-high,"0,9,13","1,13,18",1,0.098145
2,fernando fez feitos incriveis,fe,simulator-combined-ultra-low,combined,ultra-low,"0,9,13","0,9,13",3,0.827637
2,fernando fez feitos incriveis,fe,simulator-combined-low,combined,low,"0,9,13","0,9,13",3,0.217285
2,fernando fez feitos incriveis,fe,simulator-combined-medium,combined,medium,"0,9,13","16,18,26",0,0.088379
2,fernando fez feitos incriveis,fe,simulator-combined-high,combined,high,"0,9,13","12,16,20",0,0.089844
2,fernando fez feitos incriveis,fe,simulator-combined-very-high,combined,very-high,"0,9,13","0,4,9",2,0.121582
2,fernando fez feitos incriveis,fe,noisy-sim-ibm_fez,backend_noise,ibm_fez,"0,9,13","0,9,13",3,0.337402
2,fernando fez feitos incriveis,fe,noisy-sim-ibm_torino,backend_noise,ibm_torino,"0,9,13","0,9,13",3,0.404297
3,bolorosos bolos de bolas de bacia,bo,ideal-simulator,ideal,none,"0,10,19","0,10,19",3,0.999512
3,bolorosos bolos de bolas de bacia,bo,simulator-amplitude-ultra-low,amplitude,ultra-low,"0,10,19","0,10,19",3,0.930176
3,bolorosos bolos de bolas de bacia,bo,simulator-amplitude-low,amplitude,low,"0,10,19","0,10,19",3,0.482422
3,bolorosos bolos de bolas de bacia,bo,simulator-amplitude-medium,amplitude,medium,"0,10,19","12,13,29",0,0.081543
3,bolorosos bolos de bolas de bacia,bo,simulator-amplitude-high,amplitude,high,"0,10,19","12,13,29",0,0.064453
3,bolorosos bolos de bolas de bacia,bo,simulator-amplitude-very-high,amplitude,very-high,"0,10,19","4,8,12",0,0.101074
3,bolorosos bolos de bolas de bacia,bo,simulator-phase-ultra-low,phase,ultra-low,"0,10,19","0,10,19",3,0.960938
3,bolorosos bolos de bolas de bacia,bo,simulator-phase-low,phase,low,"0,10,19","0,10,19",3,0.720703
3,bolorosos bolos de bolas de bacia,bo,simulator-phase-medium,phase,medium,"0,10,19","0,10,19",3,0.240234
3,bolorosos bolos de bolas de bacia,bo,simulator-phase-high,phase,high,"0,10,19","0,10,19",3,0.127441
3,bolorosos bolos de bolas de bacia,bo,simulator-phase-very-high,phase,very-high,"0,10,19","1,13,18",0,0.091797
3,bolorosos bolos de bolas de bacia,bo,simulator-depolarizing-ultra-low,depolarizing,ultra-low,"0,10,19","0,10,19",3,0.921875
3,bolorosos bolos de bolas de bacia,bo,simulator-depolarizing-low,depolarizing,low,"0,10,19","0,10,19",3,0.435059
3,bolorosos bolos de bolas de bacia,bo,simulator-depolarizing-medium,depolarizing,medium,"0,10,19","7,10,18",1,0.104004
3,bolorosos bolos de bolas de bacia,bo,simulator-depolarizing-high,depolarizing,high,"0,10,19","1,13,18",0,0.091797
3,bolorosos bolos de bolas de bacia,bo,simulator-depolarizing-very-high,depolarizing,very-high,"0,10,19","1,13,18",0,0.091797
3,bolorosos bolos de bolas de bacia,bo,simulator-combined-ultra-low,combined,ultra-low,"0,10,19","0,10,19",3,0.835449
3,bolorosos bolos de bolas de bacia,bo,simulator-combined-low,combined,low,"0,10,19","0,10,19",3,0.194824
3,bolorosos bolos de bolas de bacia,bo,simulator-combined-medium,combined,medium,"0,10,19","12,13,14",0,0.076660
3,bolorosos bolos de bolas de bacia,bo,simulator-combined-high,combined,high,"0,10,19","12,13,28",0,0.080566
3,bolorosos bolos de bolas de bacia,bo,simulator-combined-very-high,combined,very-high,"0,10,19","0,9,12",1,0.101562
3,bolorosos bolos de bolas de bacia,bo,noisy-sim-ibm_fez,backend_noise,ibm_fez,"0,10,19","0,10,19",3,0.325195
3,bolorosos bolos de bolas de bacia,bo,noisy-sim-ibm_torino,backend_noise,ibm_torino,"0,10,19","0,10,19",3,0.393066
4,meu nome completo e sergio de vasconcelos filho mas o nome completo do professor e fernando maciano de paula neto,no,ideal-simulator,ideal,none,"4,54,97","4,54,97",3,0.983887
4,meu nome completo e sergio de vasconcelos filho mas o nome completo do professor e fernando maciano de paula neto,no,simulator-amplitude-ultra-low,amplitude,ultra-low,"4,54,97","4,54,97",3,0.662598
4,meu nome completo e sergio de vasconcelos filho mas o nome completo do professor e fernando maciano de paula neto,no,simulator-amplitude-low,amplitude,low,"4,54,97","56,65,97",1,0.038086
4,meu nome completo e sergio de vasconcelos filho mas o nome completo do professor e fernando maciano de paula neto,no,simulator-amplitude-medium,amplitude,medium,"4,54,97","46,47,63",0,0.025391
4,meu nome completo e sergio de vasconcelos filho mas o nome completo do professor e fernando maciano de paula neto,no,simulator-amplitude-high,amplitude,high,"4,54,97","4,39,40",1,0.030273
4,meu nome completo e sergio de vasconcelos filho mas o nome completo do professor e fernando maciano de paula neto,no,simulator-amplitude-very-high,amplitude,very-high,"4,54,97","0,16,28",0,0.024902
4,meu nome completo e sergio de vasconcelos filho mas o nome completo do professor e fernando maciano de paula neto,no,simulator-phase-ultra-low,phase,ultra-low,"4,54,97","4,54,97",3,0.845703
4,meu nome completo e sergio de vasconcelos filho mas o nome completo do professor e fernando maciano de paula neto,no,simulator-phase-low,phase,low,"4,54,97","4,54,97",3,0.219727
4,meu nome completo e sergio de vasconcelos filho mas o nome completo do professor e fernando maciano de paula neto,no,simulator-phase-medium,phase,medium,"4,54,97","54,59,94",1,0.030762
4,meu nome completo e sergio de vasconcelos filho mas o nome completo do professor e fernando maciano de paula neto,no,simulator-phase-high,phase,high,"4,54,97","55,72,94",0,0.027344
4,meu nome completo e sergio de vasconcelos filho mas o nome completo do professor e fernando maciano de paula neto,no,simulator-phase-very-high,phase,very-high,"4,54,97","55,72,94",0,0.027344
4,meu nome completo e sergio de vasconcelos filho mas o nome completo do professor e fernando maciano de paula neto,no,simulator-depolarizing-ultra-low,depolarizing,ultra-low,"4,54,97","4,54,97",3,0.624512
4,meu nome completo e sergio de vasconcelos filho mas o nome completo do professor e fernando maciano de paula neto,no,simulator-depolarizing-low,depolarizing,low,"4,54,97","4,54,94",2,0.039062
4,meu nome completo e sergio de vasconcelos filho mas o nome completo do professor e fernando maciano de paula neto,no,simulator-depolarizing-medium,depolarizing,medium,"4,54,97","55,72,94",0,0.027344
4,meu nome completo e sergio de vasconcelos filho mas o nome completo do professor e fernando maciano de paula neto,no,simulator-depolarizing-high,depolarizing,high,"4,54,97","55,72,94",0,0.027344
4,meu nome completo e sergio de vasconcelos filho mas o nome completo do professor e fernando maciano de paula neto,no,simulator-depolarizing-very-high,depolarizing,very-high,"4,54,97","55,72,94",0,0.027344
4,meu nome completo e sergio de vasconcelos filho mas o nome completo do professor e fernando maciano de paula neto,no,simulator-combined-ultra-low,combined,ultra-low,"4,54,97","4,54,97",3,0.365234
4,meu nome completo e sergio de vasconcelos filho mas o nome completo do professor e fernando maciano de paula neto,no,simulator-combined-low,combined,low,"4,54,97","54,55,63",1,0.027832
4,meu nome completo e sergio de vasconcelos filho mas o nome completo do professor e fernando maciano de paula neto,no,simulator-combined-medium,combined,medium,"4,54,97","4,14,47",1,0.026367
4,meu nome completo e sergio de vasconcelos filho mas o nome completo do professor e fernando maciano de paula neto,no,simulator-combined-high,combined,high,"4,54,97","5,32,44",0,0.026855
4,meu nome completo e sergio de vasconcelos filho mas o nome completo do professor e fernando maciano de paula neto,no,simulator-combined-very-high,combined,very-high,"4,54,97","0,4,38",1,0.036621
4,meu nome completo e sergio de vasconcelos filho mas o nome completo do professor e fernando maciano de paula neto,no,noisy-sim-ibm_fez,backend_noise,ibm_fez,"4,54,97","51,56,106",0,0.028809
4,meu nome completo e sergio de vasconcelos filho mas o nome completo do professor e fernando maciano de paula neto,no,noisy-sim-ibm_torino,backend_noise,ibm_torino,"4,54,97","53,68,107",0,0.029785
5,humberto costa cordeiro tavora e sergio de vasconcelos filho fazem a dupla de algoritmos 1,co,ideal-simulator,ideal,none,"9,15,46","9,15,46",3,0.985840
5,humberto costa cordeiro tavora e sergio de vasconcelos filho fazem a dupla de algoritmos 1,co,simulator-amplitude-ultra-low,amplitude,ultra-low,"9,15,46","9,15,46",3,0.628906
5,humberto costa cordeiro tavora e sergio de vasconcelos filho fazem a dupla de algoritmos 1,co,simulator-amplitude-low,amplitude,low,"9,15,46","69,84,112",0,0.033203
5,humberto costa cordeiro tavora e sergio de vasconcelos filho fazem a dupla de algoritmos 1,co,simulator-amplitude-medium,amplitude,medium,"9,15,46","80,84,112",0,0.014648
5,humberto costa cordeiro tavora e sergio de vasconcelos filho fazem a dupla de algoritmos 1,co,simulator-amplitude-high,amplitude,high,"9,15,46","64,67,80",0,0.016602
5,humberto costa cordeiro tavora e sergio de vasconcelos filho fazem a dupla de algoritmos 1,co,simulator-amplitude-very-high,amplitude,very-high,"9,15,46","0,4,64",0,0.013184
5,humberto costa cordeiro tavora e sergio de vasconcelos filho fazem a dupla de algoritmos 1,co,simulator-phase-ultra-low,phase,ultra-low,"9,15,46","9,15,46",3,0.838379
5,humberto costa cordeiro tavora e sergio de vasconcelos filho fazem a dupla de algoritmos 1,co,simulator-phase-low,phase,low,"9,15,46","9,15,46",3,0.212891
5,humberto costa cordeiro tavora e sergio de vasconcelos filho fazem a dupla de algoritmos 1,co,simulator-phase-medium,phase,medium,"9,15,46","31,54,69",0,0.023926
5,humberto costa cordeiro tavora e sergio de vasconcelos filho fazem a dupla de algoritmos 1,co,simulator-phase-high,phase,high,"9,15,46","31,55,94",0,0.025391
5,humberto costa cordeiro tavora e sergio de vasconcelos filho fazem a dupla de algoritmos 1,co,simulator-phase-very-high,phase,very-high,"9,15,46","55,72,94",0,0.024902
5,humberto costa cordeiro tavora e sergio de vasconcelos filho fazem a dupla de algoritmos 1,co,simulator-depolarizing-ultra-low,depolarizing,ultra-low,"9,15,46","9,15,46",3,0.612793
5,humberto costa cordeiro tavora e sergio de vasconcelos filho fazem a dupla de algoritmos 1,co,simulator-depolarizing-low,depolarizing,low,"9,15,46","31,54,73",0,0.030273
5,humberto costa cordeiro tavora e sergio de vasconcelos filho fazem a dupla de algoritmos 1,co,simulator-depolarizing-medium,depolarizing,medium,"9,15,46","55,72,94",0,0.024902
5,humberto costa cordeiro tavora e sergio de vasconcelos filho fazem a dupla de algoritmos 1,co,simulator-depolarizing-high,depolarizing,high,"9,15,46","55,72,94",0,0.024902
5,humberto costa cordeiro tavora e sergio de vasconcelos filho fazem a dupla de algoritmos 1,co,simulator-depolarizing-very-high,depolarizing,very-high,"9,15,46","55,72,94",0,0.024902
5,humberto costa cordeiro tavora e sergio de vasconcelos filho fazem a dupla de algoritmos 1,co,simulator-combined-ultra-low,combined,ultra-low,"9,15,46","9,15,46",3,0.351074
5,humberto costa cordeiro tavora e sergio de vasconcelos filho fazem a dupla de algoritmos 1,co,simulator-combined-low,combined,low,"9,15,46","64,80,97",0,0.018066
5,humberto costa cordeiro tavora e sergio de vasconcelos filho fazem a dupla de algoritmos 1,co,simulator-combined-medium,combined,medium,"9,15,46","60,68,73",0,0.014648
5,humberto costa cordeiro tavora e sergio de vasconcelos filho fazem a dupla de algoritmos 1,co,simulator-combined-high,combined,high,"9,15,46","56,64,90",0,0.020996
5,humberto costa cordeiro tavora e sergio de vasconcelos filho fazem a dupla de algoritmos 1,co,simulator-combined-very-high,combined,very-high,"9,15,46","0,4,40",0,0.020508
5,humberto costa cordeiro tavora e sergio de vasconcelos filho fazem a dupla de algoritmos 1,co,noisy-sim-ibm_fez,backend_noise,ibm_fez,"9,15,46","53,54,90",0,0.022949
5,humberto costa cordeiro tavora e sergio de vasconcelos filho fazem a dupla de algoritmos 1,co,noisy-sim-ibm_torino,backend_noise,ibm_torino,"9,15,46","72,79,110",0,0.023926
6,eu estava passeando em um dia muito ensolarado e veio a chuva e me levou,m,ideal-simulator,ideal,none,"21,24,30,64","21,24,30,64",4,0.998047
6,eu estava passeando em um dia muito ensolarado e veio a chuva e me levou,m,simulator-amplitude-ultra-low,amplitude,ultra-low,"21,24,30,64","21,24,30,64",4,0.644531
6,eu estava passeando em um dia muito ensolarado e veio a chuva e me levou,m,simulator-amplitude-low,amplitude,low,"21,24,30,64","59,64,103,119",1,0.046875
6,eu estava passeando em um dia muito ensolarado e veio a chuva e me levou,m,simulator-amplitude-medium,amplitude,medium,"21,24,30,64","15,47,55,63",0,0.030273
6,eu estava passeando em um dia muito ensolarado e veio a chuva e me levou,m,simulator-amplitude-high,amplitude,high,"21,24,30,64","41,49,53,55",0,0.036621
6,eu estava passeando em um dia muito ensolarado e veio a chuva e me levou,m,simulator-amplitude-very-high,amplitude,very-high,"21,24,30,64","0,16,20,48",0,0.033691
6,eu estava passeando em um dia muito ensolarado e veio a chuva e me levou,m,simulator-phase-ultra-low,phase,ultra-low,"21,24,30,64","21,24,30,64",4,0.848145
6,eu estava passeando em um dia muito ensolarado e veio a chuva e me levou,m,simulator-phase-low,phase,low,"21,24,30,64","21,24,30,64",4,0.211426
6,eu estava passeando em um dia muito ensolarado e veio a chuva e me levou,m,simulator-phase-medium,phase,medium,"21,24,30,64","31,54,55,94",0,0.032715
6,eu estava passeando em um dia muito ensolarado e veio a chuva e me levou,m,simulator-phase-high,phase,high,"21,24,30,64","31,55,72,94",0,0.032227
6,eu estava passeando em um dia muito ensolarado e veio a chuva e me levou,m,simulator-phase-very-high,phase,very-high,"21,24,30,64","55,69,72,94",0,0.031738
6,eu estava passeando em um dia muito ensolarado e veio a chuva e me levou,m,simulator-depolarizing-ultra-low,depolarizing,ultra-low,"21,24,30,64","21,24,30,64",4,0.613281
6,eu estava passeando em um dia muito ensolarado e veio a chuva e me levou,m,simulator-depolarizing-low,depolarizing,low,"21,24,30,64","30,31,54,62",1,0.038086
6,eu estava passeando em um dia muito ensolarado e veio a chuva e me levou,m,simulator-depolarizing-medium,depolarizing,medium,"21,24,30,64","55,69,72,94",0,0.031738
6,eu estava passeando em um dia muito ensolarado e veio a chuva e me levou,m,simulator-depolarizing-high,depolarizing,high,"21,24,30,64","55,69,72,94",0,0.031738
6,eu estava passeando em um dia muito ensolarado e veio a chuva e me levou,m,simulator-depolarizing-very-high,depolarizing,very-high,"21,24,30,64","55,69,72,94",0,0.031738
6,eu estava passeando em um dia muito ensolarado e veio a chuva e me levou,m,simulator-combined-ultra-low,combined,ultra-low,"21,24,30,64","21,24,30,64",4,0.338379
6,eu estava passeando em um dia muito ensolarado e veio a chuva e me levou,m,simulator-combined-low,combined,low,"21,24,30,64","51,55,108,119",0,0.026367
6,eu estava passeando em um dia muito ensolarado e veio a chuva e me levou,m,simulator-combined-medium,combined,medium,"21,24,30,64","5,15,47,51",0,0.033691
6,eu estava passeando em um dia muito ensolarado e veio a chuva e me levou,m,simulator-combined-high,combined,high,"21,24,30,64","5,22,33,45",0,0.033691
6,eu estava passeando em um dia muito ensolarado e veio a chuva e me levou,m,simulator-combined-very-high,combined,very-high,"21,24,30,64","0,4,16,38",0,0.036621
6,eu estava passeando em um dia muito ensolarado e veio a chuva e me levou,m,noisy-sim-ibm_fez,backend_noise,ibm_fez,"21,24,30,64","51,52,56,106",0,0.033691
6,eu estava passeando em um dia muito ensolarado e veio a chuva e me levou,m,noisy-sim-ibm_torino,backend_noise,ibm_torino,"21,24,30,64","54,70,107,118",0,0.034180
7,sergio resolveu estudar algoritmos enquanto fazia um cafe bem forte,ori,ideal-simulator,ideal,none,27,27,1,0.995117
7,sergio resolveu estudar algoritmos enquanto fazia um cafe bem forte,ori,simulator-amplitude-ultra-low,amplitude,ultra-low,27,27,1,0.720215
7,sergio resolveu estudar algoritmos enquanto fazia um cafe bem forte,ori,simulator-amplitude-low,amplitude,low,27,27,1,0.049805
7,sergio resolveu estudar algoritmos enquanto fazia um cafe bem forte,ori,simulator-amplitude-medium,amplitude,medium,27,100,0,0.003906
7,sergio resolveu estudar algoritmos enquanto fazia um cafe bem forte,ori,simulator-amplitude-high,amplitude,high,27,68,0,0.001953
7,sergio resolveu estudar algoritmos enquanto fazia um cafe bem forte,ori,simulator-amplitude-very-high,amplitude,very-high,27,64,0,0.003906
7,sergio resolveu estudar algoritmos enquanto fazia um cafe bem forte,ori,simulator-phase-ultra-low,phase,ultra-low,27,27,1,0.886230
7,sergio resolveu estudar algoritmos enquanto fazia um cafe bem forte,ori,simulator-phase-low,phase,low,27,27,1,0.305176
7,sergio resolveu estudar algoritmos enquanto fazia um cafe bem forte,ori,simulator-phase-medium,phase,medium,27,31,0,0.010254
7,sergio resolveu estudar algoritmos enquanto fazia um cafe bem forte,ori,simulator-phase-high,phase,high,27,54,0,0.006348
7,sergio resolveu estudar algoritmos enquanto fazia um cafe bem forte,ori,simulator-phase-very-high,phase,very-high,27,55,0,0.005371
7,sergio resolveu estudar algoritmos enquanto fazia um cafe bem forte,ori,simulator-depolarizing-ultra-low,depolarizing,ultra-low,27,27,1,0.719238
7,sergio resolveu estudar algoritmos enquanto fazia um cafe bem forte,ori,simulator-depolarizing-low,depolarizing,low,27,27,1,0.053223
7,sergio resolveu estudar algoritmos enquanto fazia um cafe bem forte,ori,simulator-depolarizing-medium,depolarizing,medium,27,55,0,0.005371
7,sergio resolveu estudar algoritmos enquanto fazia um cafe bem forte,ori,simulator-depolarizing-high,depolarizing,high,27,55,0,0.005371
7,sergio resolveu estudar algoritmos enquanto fazia um cafe bem forte,ori,simulator-depolarizing-very-high,depolarizing,very-high,27,55,0,0.005371
7,sergio resolveu estudar algoritmos enquanto fazia um cafe bem forte,ori,simulator-combined-ultra-low,combined,ultra-low,27,27,1,0.485352
7,sergio resolveu estudar algoritmos enquanto fazia um cafe bem forte,ori,simulator-combined-low,combined,low,27,76,0,0.005371
7,sergio resolveu estudar algoritmos enquanto fazia um cafe bem forte,ori,simulator-combined-medium,combined,medium,27,68,0,0.004395
7,sergio resolveu estudar algoritmos enquanto fazia um cafe bem forte,ori,simulator-combined-high,combined,high,27,56,0,0.007812
7,sergio resolveu estudar algoritmos enquanto fazia um cafe bem forte,ori,simulator-combined-very-high,combined,very-high,27,40,0,0.006836
7,sergio resolveu estudar algoritmos enquanto fazia um cafe bem forte,ori,noisy-sim-ibm_fez,backend_noise,ibm_fez,27,27,1,0.016113
7,sergio resolveu estudar algoritmos enquanto fazia um cafe bem forte,ori,noisy-sim-ibm_torino,backend_noise,ibm_torino,27,27,1,0.031250
8,fernando caminhava pelo parque quando encontrou um cachorro perdido,encontrou,ideal-simulator,ideal,none,38,38,1,0.996094
8,fernando caminhava pelo parque quando encontrou um cachorro perdido,encontrou,simulator-amplitude-ultra-low,amplitude,ultra-low,38,38,1,0.850586
8,fernando caminhava pelo parque quando encontrou um cachorro perdido,encontrou,simulator-amplitude-low,amplitude,low,38,38,1,0.199707
8,fernando caminhava pelo parque quando encontrou um cachorro perdido,encontrou,simulator-amplitude-medium,amplitude,medium,38,25,0,0.006836
8,fernando caminhava pelo parque quando encontrou um cachorro perdido,encontrou,simulator-amplitude-high,amplitude,high,38,25,0,0.006348
8,fernando caminhava pelo parque quando encontrou um cachorro perdido,encontrou,simulator-amplitude-very-high,amplitude,very-high,38,8,0,0.011230
8,fernando caminhava pelo parque quando encontrou um cachorro perdido,encontrou,simulator-phase-ultra-low,phase,ultra-low,38,38,1,0.934570
8,fernando caminhava pelo parque quando encontrou um cachorro perdido,encontrou,simulator-phase-low,phase,low,38,38,1,0.534180
8,fernando caminhava pelo parque quando encontrou um cachorro perdido,encontrou,simulator-phase-medium,phase,medium,38,38,1,0.070801
8,fernando caminhava pelo parque quando encontrou um cachorro perdido,encontrou,simulator-phase-high,phase,high,38,30,0,0.017090
8,fernando caminhava pelo parque quando encontrou um cachorro perdido,encontrou,simulator-phase-very-high,phase,very-high,38,27,0,0.015625
8,fernando caminhava pelo parque quando encontrou um cachorro perdido,encontrou,simulator-depolarizing-ultra-low,depolarizing,ultra-low,38,38,1,0.843750
8,fernando caminhava pelo parque quando encontrou um cachorro perdido,encontrou,simulator-depolarizing-low,depolarizing,low,38,38,1,0.197754
8,fernando caminhava pelo parque quando encontrou um cachorro perdido,encontrou,simulator-depolarizing-medium,depolarizing,medium,38,27,0,0.015625
8,fernando caminhava pelo parque quando encontrou um cachorro perdido,encontrou,simulator-depolarizing-high,depolarizing,high,38,27,0,0.015625
8,fernando caminhava pelo parque quando encontrou um cachorro perdido,encontrou,simulator-depolarizing-very-high,depolarizing,very-high,38,27,0,0.015625
8,fernando caminhava pelo parque quando encontrou um cachorro perdido,encontrou,simulator-combined-ultra-low,combined,ultra-low,38,38,1,0.681641
8,fernando caminhava pelo parque quando encontrou um cachorro perdido,encontrou,simulator-combined-low,combined,low,38,38,1,0.028809
8,fernando caminhava pelo parque quando encontrou um cachorro perdido,encontrou,simulator-combined-medium,combined,medium,38,17,0,0.011719
8,fernando caminhava pelo parque quando encontrou um cachorro perdido,encontrou,simulator-combined-high,combined,high,38,16,0,0.011230
8,fernando caminhava pelo parque quando encontrou um cachorro perdido,encontrou,simulator-combined-very-high,combined,very-high,38,19,0,0.015137
8,fernando caminhava pelo parque quando encontrou um cachorro perdido,encontrou,noisy-sim-ibm_fez,backend_noise,ibm_fez,38,38,1,0.050781
8,fernando caminhava pelo parque quando encontrou um cachorro perdido,encontrou,noisy-sim-ibm_torino,backend_noise,ibm_torino,38,38,1,0.158691
9,humberto revisou o codigo antigo mas nao conseguiu encontrar o erro,humberto,ideal-simulator,ideal,none,0,0,1,0.996094
9,humberto revisou o codigo antigo mas nao conseguiu encontrar o erro,humberto,simulator-amplitude-ultra-low,amplitude,ultra-low,0,0,1,0.851074
9,humberto revisou o codigo antigo mas nao conseguiu encontrar o erro,humberto,simulator-amplitude-low,amplitude,low,0,0,1,0.192383
9,humberto revisou o codigo antigo mas nao conseguiu encontrar o erro,humberto,simulator-amplitude-medium,amplitude,medium,0,63,0,0.009766
9,humberto revisou o codigo antigo mas nao conseguiu encontrar o erro,humberto,simulator-amplitude-high,amplitude,high,0,35,0,0.010742
9,humberto revisou o codigo antigo mas nao conseguiu encontrar o erro,humberto,simulator-amplitude-very-high,amplitude,very-high,0,48,0,0.020996
9,humberto revisou o codigo antigo mas nao conseguiu encontrar o erro,humberto,simulator-phase-ultra-low,phase,ultra-low,0,0,1,0.935547
9,humberto revisou o codigo antigo mas nao conseguiu encontrar o erro,humberto,simulator-phase-low,phase,low,0,0,1,0.534180
9,humberto revisou o codigo antigo mas nao conseguiu encontrar o erro,humberto,simulator-phase-medium,phase,medium,0,0,1,0.063965
9,humberto revisou o codigo antigo mas nao conseguiu encontrar o erro,humberto,simulator-phase-high,phase,high,0,27,0,0.016602
9,humberto revisou o codigo antigo mas nao conseguiu encontrar o erro,humberto,simulator-phase-very-high,phase,very-high,0,27,0,0.014160
9,humberto revisou o codigo antigo mas nao conseguiu encontrar o erro,humberto,simulator-depolarizing-ultra-low,depolarizing,ultra-low,0,0,1,0.841309
9,humberto revisou o codigo antigo mas nao conseguiu encontrar o erro,humberto,simulator-depolarizing-low,depolarizing,low,0,0,1,0.182617
9,humberto revisou o codigo antigo mas nao conseguiu encontrar o erro,humberto,simulator-depolarizing-medium,depolarizing,medium,0,27,0,0.014648
9,humberto revisou o codigo antigo mas nao conseguiu encontrar o erro,humberto,simulator-depolarizing-high,depolarizing,high,0,27,0,0.014160
9,humberto revisou o codigo antigo mas nao conseguiu encontrar o erro,humberto,simulator-depolarizing-very-high,depolarizing,very-high,0,27,0,0.014160
9,humberto revisou o codigo antigo mas nao conseguiu encontrar o erro,humberto,simulator-combined-ultra-low,combined,ultra-low,0,0,1,0.681641
9,humberto revisou o codigo antigo mas nao conseguiu encontrar o erro,humberto,simulator-combined-low,combined,low,0,0,1,0.033691
9,humberto revisou o codigo antigo mas nao conseguiu encontrar o erro,humberto,simulator-combined-medium,combined,medium,0,37,0,0.013672
9,humberto revisou o codigo antigo mas nao conseguiu encontrar o erro,humberto,simulator-combined-high,combined,high,0,28,0,0.015625
9,humberto revisou o codigo antigo mas nao conseguiu encontrar o erro,humberto,simulator-combined-very-high,combined,very-high,0,20,0,0.022949
9,humberto revisou o codigo antigo mas nao conseguiu encontrar o erro,humberto,noisy-sim-ibm_fez,backend_noise,ibm_fez,0,0,1,0.065918
9,humberto revisou o codigo antigo mas nao conseguiu encontrar o erro,humberto,noisy-sim-ibm_torino,backend_noise,ibm_torino,0,0,1,0.150879
10,a luz do fim da tarde iluminava as montanhas no horizonte,horizonte,ideal-simulator,ideal,none,48,48,1,0.996094
10,a luz do fim da tarde iluminava as montanhas no horizonte,horizonte,simulator-amplitude-ultra-low,amplitude,ultra-low,48,48,1,0.850098
10,a luz do fim da tarde iluminava as montanhas no horizonte,horizonte,simulator-amplitude-low,amplitude,low,48,48,1,0.185547
10,a luz do fim da tarde iluminava as montanhas no horizonte,horizonte,simulator-amplitude-medium,amplitude,medium,48,15,0,0.011230
10,a luz do fim da tarde iluminava as montanhas no horizonte,horizonte,simulator-amplitude-high,amplitude,high,48,15,0,0.009277
10,a luz do fim da tarde iluminava as montanhas no horizonte,horizonte,simulator-amplitude-very-high,amplitude,very-high,48,8,0,0.015137
10,a luz do fim da tarde iluminava as montanhas no horizonte,horizonte,simulator-phase-ultra-low,phase,ultra-low,48,48,1,0.931152
10,a luz do fim da tarde iluminava as montanhas no horizonte,horizonte,simulator-phase-low,phase,low,48,48,1,0.532715
10,a luz do fim da tarde iluminava as montanhas no horizonte,horizonte,simulator-phase-medium,phase,medium,48,48,1,0.061035
10,a luz do fim da tarde iluminava as montanhas no horizonte,horizonte,simulator-phase-high,phase,high,48,32,0,0.013672
10,a luz do fim da tarde iluminava as montanhas no horizonte,horizonte,simulator-phase-very-high,phase,very-high,48,27,0,0.013672
10,a luz do fim da tarde iluminava as montanhas no horizonte,horizonte,simulator-depolarizing-ultra-low,depolarizing,ultra-low,48,48,1,0.844727
10,a luz do fim da tarde iluminava as montanhas no horizonte,horizonte,simulator-depolarizing-low,depolarizing,low,48,48,1,0.172363
10,a luz do fim da tarde iluminava as montanhas no horizonte,horizonte,simulator-depolarizing-medium,depolarizing,medium,48,27,0,0.014648
10,a luz do fim da tarde iluminava as montanhas no horizonte,horizonte,simulator-depolarizing-high,depolarizing,high,48,27,0,0.013672
10,a luz do fim da tarde iluminava as montanhas no horizonte,horizonte,simulator-depolarizing-very-high,depolarizing,very-high,48,27,0,0.013672
10,a luz do fim da tarde iluminava as montanhas no horizonte,horizonte,simulator-combined-ultra-low,combined,ultra-low,48,48,1,0.681641
10,a luz do fim da tarde iluminava as montanhas no horizonte,horizonte,simulator-combined-low,combined,low,48,48,1,0.029297
10,a luz do fim da tarde iluminava as montanhas no horizonte,horizonte,simulator-combined-medium,combined,medium,48,31,0,0.013184
10,a luz do fim da tarde iluminava as montanhas no horizonte,horizonte,simulator-combined-high,combined,high,48,22,0,0.015625
10,a luz do fim da tarde iluminava as montanhas no horizonte,horizonte,simulator-combined-very-high,combined,very-high,48,19,0,0.020996
10,a luz do fim da tarde iluminava as montanhas no horizonte,horizonte,noisy-sim-ibm_fez,backend_noise,ibm_fez,48,48,1,0.057617
10,a luz do fim da tarde iluminava as montanhas no horizonte,horizonte,noisy-sim-ibm_torino,backend_noise,ibm_torino,48,48,1,0.157715
11,eu encontrei uma caixa misteriosa no sotao e decidi abrir,misteriosa,ideal-simulator,ideal,none,23,23,1,0.997070
11,eu encontrei uma caixa misteriosa no sotao e decidi abrir,misteriosa,simulator-amplitude-ultra-low,amplitude,ultra-low,23,23,1,0.848145
11,eu encontrei uma caixa misteriosa no sotao e decidi abrir,misteriosa,simulator-amplitude-low,amplitude,low,23,23,1,0.214355
11,eu encontrei uma caixa misteriosa no sotao e decidi abrir,misteriosa,simulator-amplitude-medium,amplitude,medium,23,40,0,0.010742
11,eu encontrei uma caixa misteriosa no sotao e decidi abrir,misteriosa,simulator-amplitude-high,amplitude,high,23,40,0,0.007812
11,eu encontrei uma caixa misteriosa no sotao e decidi abrir,misteriosa,simulator-amplitude-very-high,amplitude,very-high,23,32,0,0.015137
11,eu encontrei uma caixa misteriosa no sotao e decidi abrir,misteriosa,simulator-phase-ultra-low,phase,ultra-low,23,23,1,0.935547
11,eu encontrei uma caixa misteriosa no sotao e decidi abrir,misteriosa,simulator-phase-low,phase,low,23,23,1,0.541992
11,eu encontrei uma caixa misteriosa no sotao e decidi abrir,misteriosa,simulator-phase-medium,phase,medium,23,23,1,0.064453
11,eu encontrei uma caixa misteriosa no sotao e decidi abrir,misteriosa,simulator-phase-high,phase,high,23,27,0,0.016602
11,eu encontrei uma caixa misteriosa no sotao e decidi abrir,misteriosa,simulator-phase-very-high,phase,very-high,23,27,0,0.012695
11,eu encontrei uma caixa misteriosa no sotao e decidi abrir,misteriosa,simulator-depolarizing-ultra-low,depolarizing,ultra-low,23,23,1,0.842773
11,eu encontrei uma caixa misteriosa no sotao e decidi abrir,misteriosa,simulator-depolarizing-low,depolarizing,low,23,23,1,0.213867
11,eu encontrei uma caixa misteriosa no sotao e decidi abrir,misteriosa,simulator-depolarizing-medium,depolarizing,medium,23,27,0,0.013672
11,eu encontrei uma caixa misteriosa no sotao e decidi abrir,misteriosa,simulator-depolarizing-high,depolarizing,high,23,27,0,0.012695
11,eu encontrei uma caixa misteriosa no sotao e decidi abrir,misteriosa,simulator-depolarizing-very-high,depolarizing,very-high,23,27,0,0.012695
11,eu encontrei uma caixa misteriosa no sotao e decidi abrir,misteriosa,simulator-combined-ultra-low,combined,ultra-low,23,23,1,0.672852
11,eu encontrei uma caixa misteriosa no sotao e decidi abrir,misteriosa,simulator-combined-low,combined,low,23,23,1,0.035156
11,eu encontrei uma caixa misteriosa no sotao e decidi abrir,misteriosa,simulator-combined-medium,combined,medium,23,40,0,0.010742
11,eu encontrei uma caixa misteriosa no sotao e decidi abrir,misteriosa,simulator-combined-high,combined,high,23,32,0,0.016113
11,eu encontrei uma caixa misteriosa no sotao e decidi abrir,misteriosa,simulator-combined-very-high,combined,very-high,23,20,0,0.015625
11,eu encontrei uma caixa misteriosa no sotao e decidi abrir,misteriosa,noisy-sim-ibm_fez,backend_noise,ibm_fez,23,23,1,0.063965
11,eu encontrei uma caixa misteriosa no sotao e decidi abrir,misteriosa,noisy-sim-ibm_torino,backend_noise,ibm_torino,23,23,1,0.173828
12,o vento frio daquela manha balancava as arvores da rua inteira,rua,ideal-simulator,ideal,none,51,51,1,0.996094
12,o vento frio daquela manha balancava as arvores da rua inteira,rua,simulator-amplitude-ultra-low,amplitude,ultra-low,51,51,1,0.847656
12,o vento frio daquela manha balancava as arvores da rua inteira,rua,simulator-amplitude-low,amplitude,low,51,51,1,0.189941
12,o vento frio daquela manha balancava as arvores da rua inteira,rua,simulator-amplitude-medium,amplitude,medium,51,12,0,0.006836
12,o vento frio daquela manha balancava as arvores da rua inteira,rua,simulator-amplitude-high,amplitude,high,51,12,0,0.006348
12,o vento frio daquela manha balancava as arvores da rua inteira,rua,simulator-amplitude-very-high,amplitude,very-high,51,8,0,0.007324
12,o vento frio daquela manha balancava as arvores da rua inteira,rua,simulator-phase-ultra-low,phase,ultra-low,51,51,1,0.929199
12,o vento frio daquela manha balancava as arvores da rua inteira,rua,simulator-phase-low,phase,low,51,51,1,0.536621
12,o vento frio daquela manha balancava as arvores da rua inteira,rua,simulator-phase-medium,phase,medium,51,51,1,0.057129
12,o vento frio daquela manha balancava as arvores da rua inteira,rua,simulator-phase-high,phase,high,51,51,1,0.023926
12,o vento frio daquela manha balancava as arvores da rua inteira,rua,simulator-phase-very-high,phase,very-high,51,27,0,0.019043
12,o vento frio daquela manha balancava as arvores da rua inteira,rua,simulator-depolarizing-ultra-low,depolarizing,ultra-low,51,51,1,0.842773
12,o vento frio daquela manha balancava as arvores da rua inteira,rua,simulator-depolarizing-low,depolarizing,low,51,51,1,0.179688
12,o vento frio daquela manha balancava as arvores da rua inteira,rua,simulator-depolarizing-medium,depolarizing,medium,51,27,0,0.020508
12,o vento frio daquela manha balancava as arvores da rua inteira,rua,simulator-depolarizing-high,depolarizing,high,51,27,0,0.019043
12,o vento frio daquela manha balancava as arvores da rua inteira,rua,simulator-depolarizing-very-high,depolarizing,very-high,51,27,0,0.019043
12,o vento frio daquela manha balancava as arvores da rua inteira,rua,simulator-combined-ultra-low,combined,ultra-low,51,51,1,0.677734
12,o vento frio daquela manha balancava as arvores da rua inteira,rua,simulator-combined-low,combined,low,51,51,1,0.029297
12,o vento frio daquela manha balancava as arvores da rua inteira,rua,simulator-combined-medium,combined,medium,51,22,0,0.011230
12,o vento frio daquela manha balancava as arvores da rua inteira,rua,simulator-combined-high,combined,high,51,22,0,0.011230
12,o vento frio daquela manha balancava as arvores da rua inteira,rua,simulator-combined-very-high,combined,very-high,51,19,0,0.011719
12,o vento frio daquela manha balancava as arvores da rua inteira,rua,noisy-sim-ibm_fez,backend_noise,ibm_fez,51,51,1,0.057129
12,o vento frio daquela manha balancava as arvores da rua inteira,rua,noisy-sim-ibm_torino,backend_noise,ibm_torino,51,51,1,0.147949
13,as paginas do caderno velho estavam cheias de anotacoes importantes,importantes,ideal-simulator,ideal,none,56,56,1,0.996094
13,as paginas do caderno velho estavam cheias de anotacoes importantes,importantes,simulator-amplitude-ultra-low,amplitude,ultra-low,56,56,1,0.847656
13,as paginas do caderno velho estavam cheias de anotacoes importantes,importantes,simulator-amplitude-low,amplitude,low,56,56,1,0.194824
13,as paginas do caderno velho estavam cheias de anotacoes importantes,importantes,simulator-amplitude-medium,amplitude,medium,56,7,0,0.012695
13,as paginas do caderno velho estavam cheias de anotacoes importantes,importantes,simulator-amplitude-high,amplitude,high,56,15,0,0.008789
13,as paginas do caderno velho estavam cheias de anotacoes importantes,importantes,simulator-amplitude-very-high,amplitude,very-high,56,0,0,0.014160
13,as paginas do caderno velho estavam cheias de anotacoes importantes,importantes,simulator-phase-ultra-low,phase,ultra-low,56,56,1,0.929688
13,as paginas do caderno velho estavam cheias de anotacoes importantes,importantes,simulator-phase-low,phase,low,56,56,1,0.530273
13,as paginas do caderno velho estavam cheias de anotacoes importantes,importantes,simulator-phase-medium,phase,medium,56,56,1,0.060547
13,as paginas do caderno velho estavam cheias de anotacoes importantes,importantes,simulator-phase-high,phase,high,56,32,0,0.020996
13,as paginas do caderno velho estavam cheias de anotacoes importantes,importantes,simulator-phase-very-high,phase,very-high,56,27,0,0.017090
13,as paginas do caderno velho estavam cheias de anotacoes importantes,importantes,simulator-depolarizing-ultra-low,depolarizing,ultra-low,56,56,1,0.838867
13,as paginas do caderno velho estavam cheias de anotacoes importantes,importantes,simulator-depolarizing-low,depolarizing,low,56,56,1,0.182129
13,as paginas do caderno velho estavam cheias de anotacoes importantes,importantes,simulator-depolarizing-medium,depolarizing,medium,56,27,0,0.017090
13,as paginas do caderno velho estavam cheias de anotacoes importantes,importantes,simulator-depolarizing-high,depolarizing,high,56,27,0,0.017090
13,as paginas do caderno velho estavam cheias de anotacoes importantes,importantes,simulator-depolarizing-very-high,depolarizing,very-high,56,27,0,0.017090
13,as paginas do caderno velho estavam cheias de anotacoes importantes,importantes,simulator-combined-ultra-low,combined,ultra-low,56,56,1,0.679199
13,as paginas do caderno velho estavam cheias de anotacoes importantes,importantes,simulator-combined-low,combined,low,56,56,1,0.032715
13,as paginas do caderno velho estavam cheias de anotacoes importantes,importantes,simulator-combined-medium,combined,medium,56,22,0,0.012207
13,as paginas do caderno velho estavam cheias de anotacoes importantes,importantes,simulator-combined-high,combined,high,56,2,0,0.014648
13,as paginas do caderno velho estavam cheias de anotacoes importantes,importantes,simulator-combined-very-high,combined,very-high,56,19,0,0.019043
13,as paginas do caderno velho estavam cheias de anotacoes importantes,importantes,noisy-sim-ibm_fez,backend_noise,ibm_fez,56,56,1,0.062012
13,as paginas do caderno velho estavam cheias de anotacoes importantes,importantes,noisy-sim-ibm_torino,backend_noise,ibm_torino,56,56,1,0.170898
14,sergio e humberto discutiam sobre quem cozinhava melhor,melhor,ideal-simulator,ideal,none,49,49,1,0.996094
14,sergio e humberto discutiam sobre quem cozinhava melhor,melhor,simulator-amplitude-ultra-low,amplitude,ultra-low,49,49,1,0.848633
14,sergio e humberto discutiam sobre quem cozinhava melhor,melhor,simulator-amplitude-low,amplitude,low,49,49,1,0.184082
14,sergio e humberto discutiam sobre quem cozinhava melhor,melhor,simulator-amplitude-medium,amplitude,medium,49,12,0,0.008789
14,sergio e humberto discutiam sobre quem cozinhava melhor,melhor,simulator-amplitude-high,amplitude,high,49,12,0,0.008301
14,sergio e humberto discutiam sobre quem cozinhava melhor,melhor,simulator-amplitude-very-high,amplitude,very-high,49,8,0,0.009766
14,sergio e humberto discutiam sobre quem cozinhava melhor,melhor,simulator-phase-ultra-low,phase,ultra-low,49,49,1,0.931152
14,sergio e humberto discutiam sobre quem cozinhava melhor,melhor,simulator-phase-low,phase,low,49,49,1,0.533691
14,sergio e humberto discutiam sobre quem cozinhava melhor,melhor,simulator-phase-medium,phase,medium,49,49,1,0.058594
14,sergio e humberto discutiam sobre quem cozinhava melhor,melhor,simulator-phase-high,phase,high,49,37,0,0.018555
14,sergio e humberto discutiam sobre quem cozinhava melhor,melhor,simulator-phase-very-high,phase,very-high,49,27,0,0.014648
14,sergio e humberto discutiam sobre quem cozinhava melhor,melhor,simulator-depolarizing-ultra-low,depolarizing,ultra-low,49,49,1,0.842285
14,sergio e humberto discutiam sobre quem cozinhava melhor,melhor,simulator-depolarizing-low,depolarizing,low,49,49,1,0.173340
14,sergio e humberto discutiam sobre quem cozinhava melhor,melhor,simulator-depolarizing-medium,depolarizing,medium,49,27,0,0.014648
14,sergio e humberto discutiam sobre quem cozinhava melhor,melhor,simulator-depolarizing-high,depolarizing,high,49,27,0,0.014648
14,sergio e humberto discutiam sobre quem cozinhava melhor,melhor,simulator-depolarizing-very-high,depolarizing,very-high,49,27,0,0.014648
14,sergio e humberto discutiam sobre quem cozinhava melhor,melhor,simulator-combined-ultra-low,combined,ultra-low,49,49,1,0.679688
14,sergio e humberto discutiam sobre quem cozinhava melhor,melhor,simulator-combined-low,combined,low,49,49,1,0.033691
14,sergio e humberto discutiam sobre quem cozinhava melhor,melhor,simulator-combined-medium,combined,medium,49,22,0,0.010742
14,sergio e humberto discutiam sobre quem cozinhava melhor,melhor,simulator-combined-high,combined,high,49,2,0,0.011719
14,sergio e humberto discutiam sobre quem cozinhava melhor,melhor,simulator-combined-very-high,combined,very-high,49,19,0,0.015137
14,sergio e humberto discutiam sobre quem cozinhava melhor,melhor,noisy-sim-ibm_fez,backend_noise,ibm_fez,49,49,1,0.054688
14,sergio e humberto discutiam sobre quem cozinhava melhor,melhor,noisy-sim-ibm_torino,backend_noise,ibm_torino,49,49,1,0.150879
15,o laboratorio estava silencioso enquanto todos analisavam os dados,dados,ideal-simulator,ideal,none,61,61,1,0.996582
15,o laboratorio estava silencioso enquanto todos analisavam os dados,dados,simulator-amplitude-ultra-low,amplitude,ultra-low,61,61,1,0.848145
15,o laboratorio estava silencioso enquanto todos analisavam os dados,dados,simulator-amplitude-low,amplitude,low,61,61,1,0.197754
15,o laboratorio estava silencioso enquanto todos analisavam os dados,dados,simulator-amplitude-medium,amplitude,medium,61,16,0,0.007324
15,o laboratorio estava silencioso enquanto todos analisavam os dados,dados,simulator-amplitude-high,amplitude,high,61,0,0,0.006836
15,o laboratorio estava silencioso enquanto todos analisavam os dados,dados,simulator-amplitude-very-high,amplitude,very-high,61,0,0,0.005859
15,o laboratorio estava silencioso enquanto todos analisavam os dados,dados,simulator-phase-ultra-low,phase,ultra-low,61,61,1,0.930664
15,o laboratorio estava silencioso enquanto todos analisavam os dados,dados,simulator-phase-low,phase,low,61,61,1,0.521973
15,o laboratorio estava silencioso enquanto todos analisavam os dados,dados,simulator-phase-medium,phase,medium,61,61,1,0.058105
15,o laboratorio estava silencioso enquanto todos analisavam os dados,dados,simulator-phase-high,phase,high,61,21,0,0.015137
15,o laboratorio estava silencioso enquanto todos analisavam os dados,dados,simulator-phase-very-high,phase,very-high,61,27,0,0.013672
15,o laboratorio estava silencioso enquanto todos analisavam os dados,dados,simulator-depolarizing-ultra-low,depolarizing,ultra-low,61,61,1,0.839844
15,o laboratorio estava silencioso enquanto todos analisavam os dados,dados,simulator-depolarizing-low,depolarizing,low,61,61,1,0.187500
15,o laboratorio estava silencioso enquanto todos analisavam os dados,dados,simulator-depolarizing-medium,depolarizing,medium,61,27,0,0.013672
15,o laboratorio estava silencioso enquanto todos analisavam os dados,dados,simulator-depolarizing-high,depolarizing,high,61,27,0,0.013672
15,o laboratorio estava silencioso enquanto todos analisavam os dados,dados,simulator-depolarizing-very-high,depolarizing,very-high,61,27,0,0.013672
15,o laboratorio estava silencioso enquanto todos analisavam os dados,dados,simulator-combined-ultra-low,combined,ultra-low,61,61,1,0.673828
15,o laboratorio estava silencioso enquanto todos analisavam os dados,dados,simulator-combined-low,combined,low,61,61,1,0.031250
15,o laboratorio estava silencioso enquanto todos analisavam os dados,dados,simulator-combined-medium,combined,medium,61,2,0,0.010742
15,o laboratorio estava silencioso enquanto todos analisavam os dados,dados,simulator-combined-high,combined,high,61,2,0,0.011230
15,o laboratorio estava silencioso enquanto todos analisavam os dados,dados,simulator-combined-very-high,combined,very-high,61,19,0,0.008789
15,o laboratorio estava silencioso enquanto todos analisavam os dados,dados,noisy-sim-ibm_fez,backend_noise,ibm_fez,61,61,1,0.056152
15,o laboratorio estava silencioso enquanto todos analisavam os dados,dados,noisy-sim-ibm_torino,backend_noise,ibm_torino,61,61,1,0.159180
16,eu estava sentado observando o ceu quando uma ideia surgiu de repente,observando,ideal-simulator,ideal,none,18,18,1,0.997559
16,eu estava sentado observando o ceu quando uma ideia surgiu de repente,observando,simulator-amplitude-ultra-low,amplitude,ultra-low,18,18,1,0.850098
16,eu estava sentado observando o ceu quando uma ideia surgiu de repente,observando,simulator-amplitude-low,amplitude,low,18,18,1,0.206543
16,eu estava sentado observando o ceu quando uma ideia surgiu de repente,observando,simulator-amplitude-medium,amplitude,medium,18,35,0,0.009277
16,eu estava sentado observando o ceu quando uma ideia surgiu de repente,observando,simulator-amplitude-high,amplitude,high,18,37,0,0.005859
16,eu estava sentado observando o ceu quando uma ideia surgiu de repente,observando,simulator-amplitude-very-high,amplitude,very-high,18,32,0,0.013672
16,eu estava sentado observando o ceu quando uma ideia surgiu de repente,observando,simulator-phase-ultra-low,phase,ultra-low,18,18,1,0.938477
16,eu estava sentado observando o ceu quando uma ideia surgiu de repente,observando,simulator-phase-low,phase,low,18,18,1,0.539551
16,eu estava sentado observando o ceu quando uma ideia surgiu de repente,observando,simulator-phase-medium,phase,medium,18,18,1,0.062012
16,eu estava sentado observando o ceu quando uma ideia surgiu de repente,observando,simulator-phase-high,phase,high,18,27,0,0.020508
16,eu estava sentado observando o ceu quando uma ideia surgiu de repente,observando,simulator-phase-very-high,phase,very-high,18,27,0,0.018555
16,eu estava sentado observando o ceu quando uma ideia surgiu de repente,observando,simulator-depolarizing-ultra-low,depolarizing,ultra-low,18,18,1,0.841309
16,eu estava sentado observando o ceu quando uma ideia surgiu de repente,observando,simulator-depolarizing-low,depolarizing,low,18,18,1,0.201660
16,eu estava sentado observando o ceu quando uma ideia surgiu de repente,observando,simulator-depolarizing-medium,depolarizing,medium,18,27,0,0.018555
16,eu estava sentado observando o ceu quando uma ideia surgiu de repente,observando,simulator-depolarizing-high,depolarizing,high,18,27,0,0.018555
16,eu estava sentado observando o ceu quando uma ideia surgiu de repente,observando,simulator-depolarizing-very-high,depolarizing,very-high,18,27,0,0.018555
16,eu estava sentado observando o ceu quando uma ideia surgiu de repente,observando,simulator-combined-ultra-low,combined,ultra-low,18,18,1,0.673340
16,eu estava sentado observando o ceu quando uma ideia surgiu de repente,observando,simulator-combined-low,combined,low,18,18,1,0.033203
16,eu estava sentado observando o ceu quando uma ideia surgiu de repente,observando,simulator-combined-medium,combined,medium,18,37,0,0.011230
16,eu estava sentado observando o ceu quando uma ideia surgiu de repente,observando,simulator-combined-high,combined,high,18,28,0,0.017578
16,eu estava sentado observando o ceu quando uma ideia surgiu de repente,observando,simulator-combined-very-high,combined,very-high,18,20,0,0.019043
16,eu estava sentado observando o ceu quando uma ideia surgiu de repente,observando,noisy-sim-ibm_fez,backend_noise,ibm_fez,18,18,1,0.063477
16,eu estava sentado observando o ceu quando uma ideia surgiu de repente,observando,noisy-sim-ibm_torino,backend_noise,ibm_torino,18,18,1,0.175293
17,os estudantes passaram horas tentando resolver um desafio dificil,horas,ideal-simulator,ideal,none,23,23,1,0.997070
17,os estudantes passaram horas tentando resolver um desafio dificil,horas,simulator-amplitude-ultra-low,amplitude,ultra-low,23,23,1,0.848145
17,os estudantes passaram horas tentando resolver um desafio dificil,horas,simulator-amplitude-low,amplitude,low,23,23,1,0.214355
17,os estudantes passaram horas tentando resolver um desafio dificil,horas,simulator-amplitude-medium,amplitude,medium,23,40,0,0.010742
17,os estudantes passaram horas tentando resolver um desafio dificil,horas,simulator-amplitude-high,amplitude,high,23,40,0,0.007812
17,os estudantes passaram horas tentando resolver um desafio dificil,horas,simulator-amplitude-very-high,amplitude,very-high,23,32,0,0.015137
17,os estudantes passaram horas tentando resolver um desafio dificil,horas,simulator-phase-ultra-low,phase,ultra-low,23,23,1,0.935547
17,os estudantes passaram horas tentando resolver um desafio dificil,horas,simulator-phase-low,phase,low,23,23,1,0.541992
17,os estudantes passaram horas tentando resolver um desafio dificil,horas,simulator-phase-medium,phase,medium,23,23,1,0.064453
17,os estudantes passaram horas tentando resolver um desafio dificil,horas,simulator-phase-high,phase,high,23,27,0,0.016602
17,os estudantes passaram horas tentando resolver um desafio dificil,horas,simulator-phase-very-high,phase,very-high,23,27,0,0.012695
17,os estudantes passaram horas tentando resolver um desafio dificil,horas,simulator-depolarizing-ultra-low,depolarizing,ultra-low,23,23,1,0.842773
17,os estudantes passaram horas tentando resolver um desafio dificil,horas,simulator-depolarizing-low,depolarizing,low,23,23,1,0.213867
17,os estudantes passaram horas tentando resolver um desafio dificil,horas,simulator-depolarizing-medium,depolarizing,medium,23,27,0,0.013672
17,os estudantes passaram horas tentando resolver um desafio dificil,horas,simulator-depolarizing-high,depolarizing,high,23,27,0,0.012695
17,os estudantes passaram horas tentando resolver um desafio dificil,horas,simulator-depolarizing-very-high,depolarizing,very-high,23,27,0,0.012695
17,os estudantes passaram horas tentando resolver um desafio dificil,horas,simulator-combined-ultra-low,combined,ultra-low,23,23,1,0.672852
17,os estudantes passaram horas tentando resolver um desafio dificil,horas,simulator-combined-low,combined,low,23,23,1,0.035156
17,os estudantes passaram horas tentando resolver um desafio dificil,horas,simulator-combined-medium,combined,medium,23,40,0,0.010742
17,os estudantes passaram horas tentando resolver um desafio dificil,horas,simulator-combined-high,combined,high,23,32,0,0.016113
17,os estudantes passaram horas tentando resolver um desafio dificil,horas,simulator-combined-very-high,combined,very-high,23,20,0,0.015625
17,os estudantes passaram horas tentando resolver um desafio dificil,horas,noisy-sim-ibm_fez,backend_noise,ibm_fez,23,23,1,0.063965
17,os estudantes passaram horas tentando resolver um desafio dificil,horas,noisy-sim-ibm_torino,backend_noise,ibm_torino,23,23,1,0.173828
18,um livro raro foi encontrado na biblioteca por acaso,biblioteca,ideal-simulator,ideal,none,32,32,1,0.996094
18,um livro raro foi encontrado na biblioteca por acaso,biblioteca,simulator-amplitude-ultra-low,amplitude,ultra-low,32,32,1,0.848145
18,um livro raro foi encontrado na biblioteca por acaso,biblioteca,simulator-amplitude-low,amplitude,low,32,32,1,0.215332
18,um livro raro foi encontrado na biblioteca por acaso,biblioteca,simulator-amplitude-medium,amplitude,medium,32,29,0,0.008301
18,um livro raro foi encontrado na biblioteca por acaso,biblioteca,simulator-amplitude-high,amplitude,high,32,21,0,0.005371
18,um livro raro foi encontrado na biblioteca por acaso,biblioteca,simulator-amplitude-very-high,amplitude,very-high,32,20,0,0.015137
18,um livro raro foi encontrado na biblioteca por acaso,biblioteca,simulator-phase-ultra-low,phase,ultra-low,32,32,1,0.935547
18,um livro raro foi encontrado na biblioteca por acaso,biblioteca,simulator-phase-low,phase,low,32,32,1,0.544922
18,um livro raro foi encontrado na biblioteca por acaso,biblioteca,simulator-phase-medium,phase,medium,32,32,1,0.070312
18,um livro raro foi encontrado na biblioteca por acaso,biblioteca,simulator-phase-high,phase,high,32,32,1,0.023438
18,um livro raro foi encontrado na biblioteca por acaso,biblioteca,simulator-phase-very-high,phase,very-high,32,27,0,0.018555
18,um livro raro foi encontrado na biblioteca por acaso,biblioteca,simulator-depolarizing-ultra-low,depolarizing,ultra-low,32,32,1,0.842285
18,um livro raro foi encontrado na biblioteca por acaso,biblioteca,simulator-depolarizing-low,depolarizing,low,32,32,1,0.218750
18,um livro raro foi encontrado na biblioteca por acaso,biblioteca,simulator-depolarizing-medium,depolarizing,medium,32,27,0,0.020996
18,um livro raro foi encontrado na biblioteca por acaso,biblioteca,simulator-depolarizing-high,depolarizing,high,32,27,0,0.018555
18,um livro raro foi encontrado na biblioteca por acaso,biblioteca,simulator-depolarizing-very-high,depolarizing,very-high,32,27,0,0.018555
18,um livro raro foi encontrado na biblioteca por acaso,biblioteca,simulator-combined-ultra-low,combined,ultra-low,32,32,1,0.675781
18,um livro raro foi encontrado na biblioteca por acaso,biblioteca,simulator-combined-low,combined,low,32,32,1,0.042480
18,um livro raro foi encontrado na biblioteca por acaso,biblioteca,simulator-combined-medium,combined,medium,32,23,0,0.014160
18,um livro raro foi encontrado na biblioteca por acaso,biblioteca,simulator-combined-high,combined,high,32,2,0,0.014648
18,um livro raro foi encontrado na biblioteca por acaso,biblioteca,simulator-combined-very-high,combined,very-high,32,19,0,0.018066
18,um livro raro foi encontrado na biblioteca por acaso,biblioteca,noisy-sim-ibm_fez,backend_noise,ibm_fez,32,32,1,0.067383
18,um livro raro foi encontrado na biblioteca por acaso,biblioteca,noisy-sim-ibm_torino,backend_noise,ibm_torino,32,32,1,0.168457
19,a chuva fina caiu sobre a cidade deixando tudo brilhando,chuva,ideal-simulator,ideal,none,2,2,1,0.996094
19,a chuva fina caiu sobre a cidade deixando tudo brilhando,chuva,simulator-amplitude-ultra-low,amplitude,ultra-low,2,2,1,0.850098
19,a chuva fina caiu sobre a cidade deixando tudo brilhando,chuva,simulator-amplitude-low,amplitude,low,2,2,1,0.198730
19,a chuva fina caiu sobre a cidade deixando tudo brilhando,chuva,simulator-amplitude-medium,amplitude,medium,2,61,0,0.008301
19,a chuva fina caiu sobre a cidade deixando tudo brilhando,chuva,simulator-amplitude-high,amplitude,high,2,35,0,0.008301
19,a chuva fina caiu sobre a cidade deixando tudo brilhando,chuva,simulator-amplitude-very-high,amplitude,very-high,2,48,0,0.016602
19,a chuva fina caiu sobre a cidade deixando tudo brilhando,chuva,simulator-phase-ultra-low,phase,ultra-low,2,2,1,0.938477
19,a chuva fina caiu sobre a cidade deixando tudo brilhando,chuva,simulator-phase-low,phase,low,2,2,1,0.539551
19,a chuva fina caiu sobre a cidade deixando tudo brilhando,chuva,simulator-phase-medium,phase,medium,2,2,1,0.063965
19,a chuva fina caiu sobre a cidade deixando tudo brilhando,chuva,simulator-phase-high,phase,high,2,2,1,0.022949
19,a chuva fina caiu sobre a cidade deixando tudo brilhando,chuva,simulator-phase-very-high,phase,very-high,2,27,0,0.018555
19,a chuva fina caiu sobre a cidade deixando tudo brilhando,chuva,simulator-depolarizing-ultra-low,depolarizing,ultra-low,2,2,1,0.843262
19,a chuva fina caiu sobre a cidade deixando tudo brilhando,chuva,simulator-depolarizing-low,depolarizing,low,2,2,1,0.182617
19,a chuva fina caiu sobre a cidade deixando tudo brilhando,chuva,simulator-depolarizing-medium,depolarizing,medium,2,27,0,0.019043
19,a chuva fina caiu sobre a cidade deixando tudo brilhando,chuva,simulator-depolarizing-high,depolarizing,high,2,27,0,0.018555
19,a chuva fina caiu sobre a cidade deixando tudo brilhando,chuva,simulator-depolarizing-very-high,depolarizing,very-high,2,27,0,0.018555
19,a chuva fina caiu sobre a cidade deixando tudo brilhando,chuva,simulator-combined-ultra-low,combined,ultra-low,2,2,1,0.679688
19,a chuva fina caiu sobre a cidade deixando tudo brilhando,chuva,simulator-combined-low,combined,low,2,2,1,0.041504
19,a chuva fina caiu sobre a cidade deixando tudo brilhando,chuva,simulator-combined-medium,combined,medium,2,37,0,0.013184
19,a chuva fina caiu sobre a cidade deixando tudo brilhando,chuva,simulator-combined-high,combined,high,2,28,0,0.017578
19,a chuva fina caiu sobre a cidade deixando tudo brilhando,chuva,simulator-combined-very-high,combined,very-high,2,20,0,0.018555
19,a chuva fina caiu sobre a cidade deixando tudo brilhando,chuva,noisy-sim-ibm_fez,backend_noise,ibm_fez,2,2,1,0.063965
19,a chuva fina caiu sobre a cidade deixando tudo brilhando,chuva,noisy-sim-ibm_torino,backend_noise,ibm_torino,2,2,1,0.150391
20,o gato preto pulou sobre a mesa e derrubou varios papeis,mesa,ideal-simulator,ideal,none,27,27,1,0.996582
20,o gato preto pulou sobre a mesa e derrubou varios papeis,mesa,simulator-amplitude-ultra-low,amplitude,ultra-low,27,27,1,0.848145
20,o gato preto pulou sobre a mesa e derrubou varios papeis,mesa,simulator-amplitude-low,amplitude,low,27,27,1,0.222656
20,o gato preto pulou sobre a mesa e derrubou varios papeis,mesa,simulator-amplitude-medium,amplitude,medium,27,36,0,0.008301
20,o gato preto pulou sobre a mesa e derrubou varios papeis,mesa,simulator-amplitude-high,amplitude,high,27,36,0,0.009277
20,o gato preto pulou sobre a mesa e derrubou varios papeis,mesa,simulator-amplitude-very-high,amplitude,very-high,27,32,0,0.012695
20,o gato preto pulou sobre a mesa e derrubou varios papeis,mesa,simulator-phase-ultra-low,phase,ultra-low,27,27,1,0.937012
20,o gato preto pulou sobre a mesa e derrubou varios papeis,mesa,simulator-phase-low,phase,low,27,27,1,0.547852
20,o gato preto pulou sobre a mesa e derrubou varios papeis,mesa,simulator-phase-medium,phase,medium,27,27,1,0.076660
20,o gato preto pulou sobre a mesa e derrubou varios papeis,mesa,simulator-phase-high,phase,high,27,27,1,0.029785
20,o gato preto pulou sobre a mesa e derrubou varios papeis,mesa,simulator-phase-very-high,phase,very-high,27,27,1,0.024902
20,o gato preto pulou sobre a mesa e derrubou varios papeis,mesa,simulator-depolarizing-ultra-low,depolarizing,ultra-low,27,27,1,0.844727
20,o gato preto pulou sobre a mesa e derrubou varios papeis,mesa,simulator-depolarizing-low,depolarizing,low,27,27,1,0.214355
20,o gato preto pulou sobre a mesa e derrubou varios papeis,mesa,simulator-depolarizing-medium,depolarizing,medium,27,27,1,0.025391
20,o gato preto pulou sobre a mesa e derrubou varios papeis,mesa,simulator-depolarizing-high,depolarizing,high,27,27,1,0.024902
20,o gato preto pulou sobre a mesa e derrubou varios papeis,mesa,simulator-depolarizing-very-high,depolarizing,very-high,27,27,1,0.024902
20,o gato preto pulou sobre a mesa e derrubou varios papeis,mesa,simulator-combined-ultra-low,combined,ultra-low,27,27,1,0.676270
20,o gato preto pulou sobre a mesa e derrubou varios papeis,mesa,simulator-combined-low,combined,low,27,27,1,0.033203
20,o gato preto pulou sobre a mesa e derrubou varios papeis,mesa,simulator-combined-medium,combined,medium,27,36,0,0.011719
20,o gato preto pulou sobre a mesa e derrubou varios papeis,mesa,simulator-combined-high,combined,high,27,36,0,0.016113
20,o gato preto pulou sobre a mesa e derrubou varios papeis,mesa,simulator-combined-very-high,combined,very-high,27,20,0,0.012207
20,o gato preto pulou sobre a mesa e derrubou varios papeis,mesa,noisy-sim-ibm_fez,backend_noise,ibm_fez,27,27,1,0.067871
20,o gato preto pulou sobre a mesa e derrubou varios papeis,mesa,noisy-sim-ibm_torino,backend_noise,ibm_torino,27,27,1,0.178223
21,eu vi uma estrela cadente enquanto caminhava pela praia deserta,estrela cadente,ideal-simulator,ideal,none,10,10,1,0.997070
21,eu vi uma estrela cadente enquanto caminhava pela praia deserta,estrela cadente,simulator-amplitude-ultra-low,amplitude,ultra-low,10,10,1,0.850586
21,eu vi uma estrela cadente enquanto caminhava pela praia deserta,estrela cadente,simulator-amplitude-low,amplitude,low,10,10,1,0.198730
21,eu vi uma estrela cadente enquanto caminhava pela praia deserta,estrela cadente,simulator-amplitude-medium,amplitude,medium,10,53,0,0.007812
21,eu vi uma estrela cadente enquanto caminhava pela praia deserta,estrela cadente,simulator-amplitude-high,amplitude,high,10,53,0,0.009766
21,eu vi uma estrela cadente enquanto caminhava pela praia deserta,estrela cadente,simulator-amplitude-very-high,amplitude,very-high,10,48,0,0.014160
21,eu vi uma estrela cadente enquanto caminhava pela praia deserta,estrela cadente,simulator-phase-ultra-low,phase,ultra-low,10,10,1,0.937012
21,eu vi uma estrela cadente enquanto caminhava pela praia deserta,estrela cadente,simulator-phase-low,phase,low,10,10,1,0.544922
21,eu vi uma estrela cadente enquanto caminhava pela praia deserta,estrela cadente,simulator-phase-medium,phase,medium,10,10,1,0.056152
21,eu vi uma estrela cadente enquanto caminhava pela praia deserta,estrela cadente,simulator-phase-high,phase,high,10,27,0,0.017090
21,eu vi uma estrela cadente enquanto caminhava pela praia deserta,estrela cadente,simulator-phase-very-high,phase,very-high,10,27,0,0.014160
21,eu vi uma estrela cadente enquanto caminhava pela praia deserta,estrela cadente,simulator-depolarizing-ultra-low,depolarizing,ultra-low,10,10,1,0.845703
21,eu vi uma estrela cadente enquanto caminhava pela praia deserta,estrela cadente,simulator-depolarizing-low,depolarizing,low,10,10,1,0.183594
21,eu vi uma estrela cadente enquanto caminhava pela praia deserta,estrela cadente,simulator-depolarizing-medium,depolarizing,medium,10,27,0,0.014160
21,eu vi uma estrela cadente enquanto caminhava pela praia deserta,estrela cadente,simulator-depolarizing-high,depolarizing,high,10,27,0,0.014160
21,eu vi uma estrela cadente enquanto caminhava pela praia deserta,estrela cadente,simulator-depolarizing-very-high,depolarizing,very-high,10,27,0,0.014160
21,eu vi uma estrela cadente enquanto caminhava pela praia deserta,estrela cadente,simulator-combined-ultra-low,combined,ultra-low,10,10,1,0.675293
21,eu vi uma estrela cadente enquanto caminhava pela praia deserta,estrela cadente,simulator-combined-low,combined,low,10,10,1,0.027832
21,eu vi uma estrela cadente enquanto caminhava pela praia deserta,estrela cadente,simulator-combined-medium,combined,medium,10,37,0,0.010742
21,eu vi uma estrela cadente enquanto caminhava pela praia deserta,estrela cadente,simulator-combined-high,combined,high,10,28,0,0.010742
21,eu vi uma estrela cadente enquanto caminhava pela praia deserta,estrela cadente,simulator-combined-very-high,combined,very-high,10,20,0,0.017090
21,eu vi uma estrela cadente enquanto caminhava pela praia deserta,estrela cadente,noisy-sim-ibm_fez,backend_noise,ibm_fez,10,10,1,0.050781
21,eu vi uma estrela cadente enquanto caminhava pela praia deserta,estrela cadente,noisy-sim-ibm_torino,backend_noise,ibm_torino,10,10,1,0.159180
22,as conversas no corredor eram sobre projetos e experimentos,projetos e experimentos,ideal-simulator,ideal,none,36,36,1,0.996094
22,as conversas no corredor eram sobre projetos e experimentos,projetos e experimentos,simulator-amplitude-ultra-low,amplitude,ultra-low,36,36,1,0.850098
22,as conversas no corredor eram sobre projetos e experimentos,projetos e experimentos,simulator-amplitude-low,amplitude,low,36,36,1,0.203613
22,as conversas no corredor eram sobre projetos e experimentos,projetos e experimentos,simulator-amplitude-medium,amplitude,medium,36,19,0,0.010254
22,as conversas no corredor eram sobre projetos e experimentos,projetos e experimentos,simulator-amplitude-high,amplitude,high,36,25,0,0.008301
22,as conversas no corredor eram sobre projetos e experimentos,projetos e experimentos,simulator-amplitude-very-high,amplitude,very-high,36,8,0,0.013184
22,as conversas no corredor eram sobre projetos e experimentos,projetos e experimentos,simulator-phase-ultra-low,phase,ultra-low,36,36,1,0.936523
22,as conversas no corredor eram sobre projetos e experimentos,projetos e experimentos,simulator-phase-low,phase,low,36,36,1,0.535156
22,as conversas no corredor eram sobre projetos e experimentos,projetos e experimentos,simulator-phase-medium,phase,medium,36,36,1,0.072266
22,as conversas no corredor eram sobre projetos e experimentos,projetos e experimentos,simulator-phase-high,phase,high,36,36,1,0.025879
22,as conversas no corredor eram sobre projetos e experimentos,projetos e experimentos,simulator-phase-very-high,phase,very-high,36,27,0,0.021484
22,as conversas no corredor eram sobre projetos e experimentos,projetos e experimentos,simulator-depolarizing-ultra-low,depolarizing,ultra-low,36,36,1,0.841309
22,as conversas no corredor eram sobre projetos e experimentos,projetos e experimentos,simulator-depolarizing-low,depolarizing,low,36,36,1,0.210938
22,as conversas no corredor eram sobre projetos e experimentos,projetos e experimentos,simulator-depolarizing-medium,depolarizing,medium,36,27,0,0.021973
22,as conversas no corredor eram sobre projetos e experimentos,projetos e experimentos,simulator-depolarizing-high,depolarizing,high,36,27,0,0.020996
22,as conversas no corredor eram sobre projetos e experimentos,projetos e experimentos,simulator-depolarizing-very-high,depolarizing,very-high,36,27,0,0.021484
22,as conversas no corredor eram sobre projetos e experimentos,projetos e experimentos,simulator-combined-ultra-low,combined,ultra-low,36,36,1,0.681641
22,as conversas no corredor eram sobre projetos e experimentos,projetos e experimentos,simulator-combined-low,combined,low,36,36,1,0.034668
22,as conversas no corredor eram sobre projetos e experimentos,projetos e experimentos,simulator-combined-medium,combined,medium,36,23,0,0.010742
22,as conversas no corredor eram sobre projetos e experimentos,projetos e experimentos,simulator-combined-high,combined,high,36,2,0,0.012207
22,as conversas no corredor eram sobre projetos e experimentos,projetos e experimentos,simulator-combined-very-high,combined,very-high,36,19,0,0.016113
22,as conversas no corredor eram sobre projetos e experimentos,projetos e experimentos,noisy-sim-ibm_fez,backend_noise,ibm_fez,36,36,1,0.068848
22,as conversas no corredor eram sobre projetos e experimentos,projetos e experimentos,noisy-sim-ibm_torino,backend_noise,ibm_torino,36,36,1,0.163086
23,sergio encontrou uma nova estrategia para melhorar o algoritmo,melhorar o algoritmo,ideal-simulator,ideal,none,42,42,1,0.996094
23,sergio encontrou uma nova estrategia para melhorar o algoritmo,melhorar o algoritmo,simulator-amplitude-ultra-low,amplitude,ultra-low,42,42,1,0.849609
23,sergio encontrou uma nova estrategia para melhorar o algoritmo,melhorar o algoritmo,simulator-amplitude-low,amplitude,low,42,42,1,0.189941
23,sergio encontrou uma nova estrategia para melhorar o algoritmo,melhorar o algoritmo,simulator-amplitude-medium,amplitude,medium,42,21,0,0.006348
23,sergio encontrou uma nova estrategia para melhorar o algoritmo,melhorar o algoritmo,simulator-amplitude-high,amplitude,high,42,21,0,0.008789
23,sergio encontrou uma nova estrategia para melhorar o algoritmo,melhorar o algoritmo,simulator-amplitude-very-high,amplitude,very-high,42,0,0,0.012695
23,sergio encontrou uma nova estrategia para melhorar o algoritmo,melhorar o algoritmo,simulator-phase-ultra-low,phase,ultra-low,42,42,1,0.934082
23,sergio encontrou uma nova estrategia para melhorar o algoritmo,melhorar o algoritmo,simulator-phase-low,phase,low,42,42,1,0.536133
23,sergio encontrou uma nova estrategia para melhorar o algoritmo,melhorar o algoritmo,simulator-phase-medium,phase,medium,42,42,1,0.050293
23,sergio encontrou uma nova estrategia para melhorar o algoritmo,melhorar o algoritmo,simulator-phase-high,phase,high,42,27,0,0.017090
23,sergio encontrou uma nova estrategia para melhorar o algoritmo,melhorar o algoritmo,simulator-phase-very-high,phase,very-high,42,27,0,0.013672
23,sergio encontrou uma nova estrategia para melhorar o algoritmo,melhorar o algoritmo,simulator-depolarizing-ultra-low,depolarizing,ultra-low,42,42,1,0.843750
23,sergio encontrou uma nova estrategia para melhorar o algoritmo,melhorar o algoritmo,simulator-depolarizing-low,depolarizing,low,42,42,1,0.186523
23,sergio encontrou uma nova estrategia para melhorar o algoritmo,melhorar o algoritmo,simulator-depolarizing-medium,depolarizing,medium,42,27,0,0.014648
23,sergio encontrou uma nova estrategia para melhorar o algoritmo,melhorar o algoritmo,simulator-depolarizing-high,depolarizing,high,42,27,0,0.013672
23,sergio encontrou uma nova estrategia para melhorar o algoritmo,melhorar o algoritmo,simulator-depolarizing-very-high,depolarizing,very-high,42,27,0,0.013672
23,sergio encontrou uma nova estrategia para melhorar o algoritmo,melhorar o algoritmo,simulator-combined-ultra-low,combined,ultra-low,42,42,1,0.682129
23,sergio encontrou uma nova estrategia para melhorar o algoritmo,melhorar o algoritmo,simulator-combined-low,combined,low,42,42,1,0.032227
23,sergio encontrou uma nova estrategia para melhorar o algoritmo,melhorar o algoritmo,simulator-combined-medium,combined,medium,42,17,0,0.006836
23,sergio encontrou uma nova estrategia para melhorar o algoritmo,melhorar o algoritmo,simulator-combined-high,combined,high,42,22,0,0.011230
23,sergio encontrou uma nova estrategia para melhorar o algoritmo,melhorar o algoritmo,simulator-combined-very-high,combined,very-high,42,19,0,0.012695
23,sergio encontrou uma nova estrategia para melhorar o algoritmo,melhorar o algoritmo,noisy-sim-ibm_fez,backend_noise,ibm_fez,42,42,1,0.047363
23,sergio encontrou uma nova estrategia para melhorar o algoritmo,melhorar o algoritmo,noisy-sim-ibm_torino,backend_noise,ibm_torino,42,42,1,0.153809
24,uma tempestade forte surgiu de repente interrompendo o passeio,de repente interrompendo o passeio,ideal-simulator,ideal,none,28,28,1,0.999512
24,uma tempestade forte surgiu de repente interrompendo o passeio,de repente interrompendo o passeio,simulator-amplitude-ultra-low,amplitude,ultra-low,28,28,1,0.921875
24,uma tempestade forte surgiu de repente interrompendo o passeio,de repente interrompendo o passeio,simulator-amplitude-low,amplitude,low,28,28,1,0.478516
24,uma tempestade forte surgiu de repente interrompendo o passeio,de repente interrompendo o passeio,simulator-amplitude-medium,amplitude,medium,28,3,0,0.043457
24,uma tempestade forte surgiu de repente interrompendo o passeio,de repente interrompendo o passeio,simulator-amplitude-high,amplitude,high,28,3,0,0.012695
24,uma tempestade forte surgiu de repente interrompendo o passeio,de repente interrompendo o passeio,simulator-amplitude-very-high,amplitude,very-high,28,3,0,0.019043
24,uma tempestade forte surgiu de repente interrompendo o passeio,de repente interrompendo o passeio,simulator-phase-ultra-low,phase,ultra-low,28,28,1,0.971191
24,uma tempestade forte surgiu de repente interrompendo o passeio,de repente interrompendo o passeio,simulator-phase-low,phase,low,28,28,1,0.751953
24,uma tempestade forte surgiu de repente interrompendo o passeio,de repente interrompendo o passeio,simulator-phase-medium,phase,medium,28,28,1,0.240234
24,uma tempestade forte surgiu de repente interrompendo o passeio,de repente interrompendo o passeio,simulator-phase-high,phase,high,28,28,1,0.088379
24,uma tempestade forte surgiu de repente interrompendo o passeio,de repente interrompendo o passeio,simulator-phase-very-high,phase,very-high,28,13,0,0.029785
24,uma tempestade forte surgiu de repente interrompendo o passeio,de repente interrompendo o passeio,simulator-depolarizing-ultra-low,depolarizing,ultra-low,28,28,1,0.917480
24,uma tempestade forte surgiu de repente interrompendo o passeio,de repente interrompendo o passeio,simulator-depolarizing-low,depolarizing,low,28,28,1,0.460449
24,uma tempestade forte surgiu de repente interrompendo o passeio,de repente interrompendo o passeio,simulator-depolarizing-medium,depolarizing,medium,28,28,1,0.050293
24,uma tempestade forte surgiu de repente interrompendo o passeio,de repente interrompendo o passeio,simulator-depolarizing-high,depolarizing,high,28,18,0,0.031738
24,uma tempestade forte surgiu de repente interrompendo o passeio,de repente interrompendo o passeio,simulator-depolarizing-very-high,depolarizing,very-high,28,13,0,0.029785
24,uma tempestade forte surgiu de repente interrompendo o passeio,de repente interrompendo o passeio,simulator-combined-ultra-low,combined,ultra-low,28,28,1,0.829102
24,uma tempestade forte surgiu de repente interrompendo o passeio,de repente interrompendo o passeio,simulator-combined-low,combined,low,28,28,1,0.167480
24,uma tempestade forte surgiu de repente interrompendo o passeio,de repente interrompendo o passeio,simulator-combined-medium,combined,medium,28,11,0,0.025391
24,uma tempestade forte surgiu de repente interrompendo o passeio,de repente interrompendo o passeio,simulator-combined-high,combined,high,28,11,0,0.022461
24,uma tempestade forte surgiu de repente interrompendo o passeio,de repente interrompendo o passeio,simulator-combined-very-high,combined,very-high,28,9,0,0.028320
24,uma tempestade forte surgiu de repente interrompendo o passeio,de repente interrompendo o passeio,noisy-sim-ibm_fez,backend_noise,ibm_fez,28,28,1,0.340332
24,uma tempestade forte surgiu de repente interrompendo o passeio,de repente interrompendo o passeio,noisy-sim-ibm_torino,backend_noise,ibm_torino,28,28,1,0.410645
25,o som do rio corria suavemente enquanto caminhavamos pela trilha,rio corria suavemente,ideal-simulator,ideal,none,9,9,1,0.996582
25,o som do rio corria suavemente enquanto caminhavamos pela trilha,rio corria suavemente,simulator-amplitude-ultra-low,amplitude,ultra-low,9,9,1,0.852051
25,o som do rio corria suavemente enquanto caminhavamos pela trilha,rio corria suavemente,simulator-amplitude-low,amplitude,low,9,9,1,0.195801
25,o som do rio corria suavemente enquanto caminhavamos pela trilha,rio corria suavemente,simulator-amplitude-medium,amplitude,medium,9,36,0,0.003418
25,o som do rio corria suavemente enquanto caminhavamos pela trilha,rio corria suavemente,simulator-amplitude-high,amplitude,high,9,54,0,0.006836
25,o som do rio corria suavemente enquanto caminhavamos pela trilha,rio corria suavemente,simulator-amplitude-very-high,amplitude,very-high,9,48,0,0.015625
25,o som do rio corria suavemente enquanto caminhavamos pela trilha,rio corria suavemente,simulator-phase-ultra-low,phase,ultra-low,9,9,1,0.937988
25,o som do rio corria suavemente enquanto caminhavamos pela trilha,rio corria suavemente,simulator-phase-low,phase,low,9,9,1,0.546387
25,o som do rio corria suavemente enquanto caminhavamos pela trilha,rio corria suavemente,simulator-phase-medium,phase,medium,9,9,1,0.054199
25,o som do rio corria suavemente enquanto caminhavamos pela trilha,rio corria suavemente,simulator-phase-high,phase,high,9,27,0,0.014160
25,o som do rio corria suavemente enquanto caminhavamos pela trilha,rio corria suavemente,simulator-phase-very-high,phase,very-high,9,27,0,0.009766
25,o som do rio corria suavemente enquanto caminhavamos pela trilha,rio corria suavemente,simulator-depolarizing-ultra-low,depolarizing,ultra-low,9,9,1,0.848145
25,o som do rio corria suavemente enquanto caminhavamos pela trilha,rio corria suavemente,simulator-depolarizing-low,depolarizing,low,9,9,1,0.189941
25,o som do rio corria suavemente enquanto caminhavamos pela trilha,rio corria suavemente,simulator-depolarizing-medium,depolarizing,medium,9,27,0,0.011230
25,o som do rio corria suavemente enquanto caminhavamos pela trilha,rio corria suavemente,simulator-depolarizing-high,depolarizing,high,9,27,0,0.009766
25,o som do rio corria suavemente enquanto caminhavamos pela trilha,rio corria suavemente,simulator-depolarizing-very-high,depolarizing,very-high,9,27,0,0.009766
25,o som do rio corria suavemente enquanto caminhavamos pela trilha,rio corria suavemente,simulator-combined-ultra-low,combined,ultra-low,9,9,1,0.675293
25,o som do rio corria suavemente enquanto caminhavamos pela trilha,rio corria suavemente,simulator-combined-low,combined,low,9,9,1,0.031738
25,o som do rio corria suavemente enquanto caminhavamos pela trilha,rio corria suavemente,simulator-combined-medium,combined,medium,9,36,0,0.012207
25,o som do rio corria suavemente enquanto caminhavamos pela trilha,rio corria suavemente,simulator-combined-high,combined,high,9,32,0,0.010254
25,o som do rio corria suavemente enquanto caminhavamos pela trilha,rio corria suavemente,simulator-combined-very-high,combined,very-high,9,20,0,0.020508
25,o som do rio corria suavemente enquanto caminhavamos pela trilha,rio corria suavemente,noisy-sim-ibm_fez,backend_noise,ibm_fez,9,9,1,0.056152
25,o som do rio corria suavemente enquanto caminhavamos pela trilha,rio corria suavemente,noisy-sim-ibm_torino,backend_noise,ibm_torino,9,9,1,0.166016
